[{
  "_id": {
    "$oid": "66f7af2425c887250e417dec"
  },
  "id": 1,
  "name": "Mathematics",
  "credits": 3
},
{
  "_id": {
    "$oid": "66f7af2425c887250e417ded"
  },
  "id": 2,
  "name": "Physics",
  "credits": 4
},
{
  "_id": {
    "$oid": "66f7af2425c887250e417dee"
  },
  "id": 3,
  "name": "Chemistry",
  "credits": 3
},
{
  "_id": {
    "$oid": "66f7af2425c887250e417def"
  },
  "id": 4,
  "name": "Biology",
  "credits": 3
},
{
  "_id": {
    "$oid": "66f7af2425c887250e417df0"
  },
  "id": 5,
  "name": "English",
  "credits": 2
},
{
  "_id": {
    "$oid": "66f7af2425c887250e417df1"
  },
  "id": 6,
  "name": "History",
  "credits": 3
},
{
  "_id": {
    "$oid": "66f7af2425c887250e417df2"
  },
  "id": 7,
  "name": "Geography",
  "credits": 2
},
{
  "_id": {
    "$oid": "66f7af2425c887250e417df3"
  },
  "id": 8,
  "name": "Computer Science",
  "credits": 4
}]