[{
  "_id": {
    "$oid": "67f8eb07bb5a37d20e4dd4a9"
  },
  "className": "TWO",
  "department": "Chem",
  "days": [
    {
      "name": "Monday",
      "slots": [
        {
          "startTime": "21:12",
          "endTime": "05:12",
          "course": "English - 2",
          "teacher": "Waseem Janjoa",
          "teacherId": "67dc4b43d19e859738a42296",
          "room": "A-17",
          "_id": {
            "$oid": "67f8eb07bb5a37d20e4dd4ab"
          }
        },
        {
          "startTime": "20:09",
          "endTime": "05:12",
          "course": "Social Studies - 2",
          "teacher": "Waseem Janjoa",
          "teacherId": "67dc4b43d19e859738a42296",
          "room": "A-18",
          "_id": {
            "$oid": "67f8eb07bb5a37d20e4dd4ac"
          }
        },
        {
          "startTime": "19:10",
          "endTime": "18:10",
          "course": "Social Studies - 2",
          "teacher": "Waseem Janjoa",
          "teacherId": "67dc4b43d19e859738a42296",
          "room": "A-15",
          "_id": {
            "$oid": "67f8eb07bb5a37d20e4dd4ad"
          }
        }
      ],
      "_id": {
        "$oid": "67f8eb07bb5a37d20e4dd4aa"
      }
    },
    {
      "name": "Tuesday",
      "slots": [
        {
          "startTime": "20:11",
          "endTime": "22:15",
          "course": "Science - 2",
          "teacher": "Waseem Janjoa",
          "teacherId": "67dc4b43d19e859738a42296",
          "room": "A-16",
          "_id": {
            "$oid": "67f8eb07bb5a37d20e4dd4af"
          }
        },
        {
          "startTime": "22:11",
          "endTime": "12:11",
          "course": "Social Studies - 2",
          "teacher": "",
          "teacherId": "",
          "room": "A-15",
          "_id": {
            "$oid": "67f8eb07bb5a37d20e4dd4b0"
          }
        }
      ],
      "_id": {
        "$oid": "67f8eb07bb5a37d20e4dd4ae"
      }
    },
    {
      "name": "Wednesday",
      "slots": [],
      "_id": {
        "$oid": "67f8eb07bb5a37d20e4dd4b1"
      }
    },
    {
      "name": "Thursday",
      "slots": [],
      "_id": {
        "$oid": "67f8eb07bb5a37d20e4dd4b2"
      }
    },
    {
      "name": "Friday",
      "slots": [
        {
          "startTime": "",
          "endTime": "",
          "course": "",
          "teacher": "",
          "teacherId": "",
          "room": "",
          "_id": {
            "$oid": "67f8eb07bb5a37d20e4dd4b4"
          }
        },
        {
          "startTime": "19:11",
          "endTime": "20:11",
          "course": "Computer Education - 2",
          "teacher": "Waseem Janjoa",
          "teacherId": "67dc4b43d19e859738a42296",
          "room": "A-16",
          "_id": {
            "$oid": "67f8eb07bb5a37d20e4dd4b5"
          }
        },
        {
          "startTime": "",
          "endTime": "",
          "course": "",
          "teacher": "",
          "teacherId": "",
          "room": "",
          "_id": {
            "$oid": "67f8eb07bb5a37d20e4dd4b6"
          }
        }
      ],
      "_id": {
        "$oid": "67f8eb07bb5a37d20e4dd4b3"
      }
    }
  ],
  "breakTime": {
    "start": "13:00",
    "end": "14:00"
  },
  "createdAt": {
    "$date": "2025-04-11T10:12:23.588Z"
  },
  "teachers": [],
  "__v": 0
},
{
  "_id": {
    "$oid": "67fa54097943d567bb08a79c"
  },
  "className": "THREE",
  "department": "Maths",
  "days": [
    {
      "name": "Monday",
      "slots": [
        {
          "startTime": "17:52",
          "endTime": "19:52",
          "course": "Mathematics - 3",
          "teacher": "Umer Hayat",
          "teacherId": "67fa53e47943d567bb08a798",
          "room": "A-10",
          "_id": {
            "$oid": "67fa54097943d567bb08a79e"
          }
        }
      ],
      "_id": {
        "$oid": "67fa54097943d567bb08a79d"
      }
    },
    {
      "name": "Tuesday",
      "slots": [],
      "_id": {
        "$oid": "67fa54097943d567bb08a79f"
      }
    },
    {
      "name": "Wednesday",
      "slots": [],
      "_id": {
        "$oid": "67fa54097943d567bb08a7a0"
      }
    },
    {
      "name": "Thursday",
      "slots": [],
      "_id": {
        "$oid": "67fa54097943d567bb08a7a1"
      }
    },
    {
      "name": "Friday",
      "slots": [],
      "_id": {
        "$oid": "67fa54097943d567bb08a7a2"
      }
    }
  ],
  "classLevel": "Class 3",
  "breakTime": {
    "start": "13:00",
    "end": "14:00"
  },
  "createdAt": {
    "$date": "2025-04-12T11:52:41.951Z"
  },
  "teachers": [],
  "__v": 0
}]