[{
  "_id": {
    "$oid": "67f8cd1b04e2f44f58644ac3"
  },
  "date": {
    "$date": "2025-04-09T00:00:00.000Z"
  },
  "year": 2025,
  "month": 4,
  "week": 15,
  "slotNumber": 1,
  "startTime": "19:51",
  "endTime": "20:51",
  "className": "TWO",
  "course": "English - 2",
  "room": "A-15",
  "teacherId": "67dc4b43d19e859738a42296",
  "students": [
    {
      "studentId": {
        "$oid": "67f8cc9404e2f44f58644a78"
      },
      "rollNo": "200200001",
      "name": "Hafsa Ayaz",
      "status": "P",
      "_id": {
        "$oid": "67f8cd1b04e2f44f58644ac4"
      }
    }
  ],
  "createdAt": {
    "$date": "2025-04-11T08:04:43.228Z"
  },
  "updatedAt": {
    "$date": "2025-04-11T08:04:43.228Z"
  },
  "__v": 0
},
{
  "_id": {
    "$oid": "67f90315495757e34a1016c7"
  },
  "date": {
    "$date": "2025-04-16T00:00:00.000Z"
  },
  "year": 2025,
  "month": 4,
  "week": 16,
  "slotNumber": 3,
  "startTime": "20:11",
  "endTime": "22:15",
  "className": "TWO",
  "course": "Science - 2",
  "room": "A-16",
  "teacherId": "67dc4b43d19e859738a42296",
  "students": [
    {
      "studentId": {
        "$oid": "67f8e67ebb5a37d20e4dd42f"
      },
      "rollNo": "200200001",
      "name": "Hafsa Ayaz",
      "status": "L",
      "_id": {
        "$oid": "67f90315495757e34a1016c8"
      }
    }
  ],
  "createdAt": {
    "$date": "2025-04-11T11:55:01.969Z"
  },
  "updatedAt": {
    "$date": "2025-04-11T11:55:01.969Z"
  },
  "__v": 0
}]