[{
  "_id": {
    "$oid": "67f8e833bb5a37d20e4dd436"
  },
  "classLevel": "Class 2",
  "className": "TWO",
  "stream": "General",
  "students": [
    {
      "_id": {
        "$oid": "67f8e67ebb5a37d20e4dd42f"
      },
      "rollNo": "200200001",
      "name": "Hafsa Ayaz"
    }
  ],
  "createdAt": {
    "$date": "2025-04-11T10:00:19.848Z"
  },
  "updatedAt": {
    "$date": "2025-04-11T10:00:19.848Z"
  },
  "courses": [
    "English - 2",
    "Urdu - 2",
    "Mathematics - 2",
    "Science - 2",
    "Social Studies - 2",
    "Islamic Studies - 2",
    "Computer Education - 2",
    "Art and Craft - 2",
    "Physical Education - 2"
  ]
},
{
  "_id": {
    "$oid": "67fa533a7943d567bb08a76e"
  },
  "classLevel": "Class 3",
  "className": "THREE",
  "stream": "General",
  "students": [
    {
      "_id": {
        "$oid": "67fa53157943d567bb08a76c"
      },
      "rollNo": "200300001",
      "name": "asim munir"
    }
  ],
  "createdAt": {
    "$date": "2025-04-12T11:49:14.922Z"
  },
  "updatedAt": {
    "$date": "2025-04-12T11:49:14.922Z"
  },
  "courses": [
    "Art and Craft - 3",
    "English - 3",
    "Urdu - 3",
    "Mathematics - 3",
    "Science - 3",
    "Social Studies - 3",
    "Islamic Studies - 3",
    "Computer Education - 3",
    "Physical Education - 3"
  ]
}]